dose_ug,day,geomean_U_per_mL,lower95_U_per_mL,upper95_U_per_mL,geomean_ng_per_mL,lower95_ng_per_mL,upper95_ng_per_mL
1,7,1,0.624,1.602,10.7,6.7,17.2
1,21,34,13.335,79.018,364.1,142.8,846.2
1,28,531,164.403,1560.21,5686.2,1760.5,16707.4
1,42,1220,533.67,2702.83,13064.3,5714.8,28943.1
1,49,1040,468.225,2192.35,11136.8,5014.0,23476.6
10,7,1,0.712,2.136,10.7,7.6,22.9
10,21,773,547.818,1053.72,8277.6,5866.3,11283.8
10,28,5785,2633.02,12010.1,61948.3,28195.6,128609.1
10,42,7108,4443.52,11103.4,76115.6,47583.2,118899.7
10,49,4741,3001.05,6932.81,50768.7,32136.5,74239.6
10,84,2173,1480.66,3080.61,23269.4,15855.5,32988.5
20,7,1,0.693,1.732,10.7,7.4,18.5
20,21,283,123.285,640.941,3030.5,1320.2,6863.5
20,28,4716,2135.73,9741.74,50501.0,22870.3,104318.8
20,42,4551,2702.83,7498.94,48734.1,28943.1,80302.0
20,49,3207,1825.42,5336.7,34342.0,19547.4,57147.7
20,84,1398,730.527,2633.02,14970.4,7822.8,28195.6
30,7,2,0.833,3.511,21.4,8.9,37.6
30,21,541,316.228,900.628,5793.3,3386.3,9644.3
30,28,6299,3604.28,10537.2,67452.5,38596.2,112837.5
30,42,4947,3604.28,6932.81,52974.7,38596.2,74239.6
30,49,4557,3162.28,6409.41,48798.4,33863.1,68634.8
30,84,1850,1265.53,2702.83,19810.6,13551.9,28943.1
