VEMU,THETA,,OMEGA,CL,KA,V,,
CL (L/d),32.2,,CL,0.109,0,0.106,,
KA (1/d),4.48,,KA,0,1.02,0,,
V (L),114,,V,0.106,0,0.457,,
,,,,,,,,
COBI,THETA,,OMEGA,CL,KA,Q,V2,V3
CL (L/d),327,,CL,0.35,0,0,0.264,0.18
KA (1/d),33.7,,KA,0,2.81,0,0,0
Q (L/d),252,,Q,0,0,0.517,0,0
V2 (L),487,,V2,0.264,0,0,0.26,0.0625
V3 (L),335,,V3,0.18,0,0,0.0625,0.557
,,,,,,,,
GDC-0994,THETA,,OMEGA,CL,KA,V,,
CL (L/h),161,,CL,0.182,0,0,,
KA (1/h),35,,KA,0,3,0,,
V (L),171,,V2,0,0,0.149,,
,,,,,,,,
CETUX,THETA,,OMEGA,CL,V,*PK Variability not quantified in BLA filing,,
CL (L/h),0.67,,CL,0,0,,,
V (L),4.5,,V,0,0,,,
